Creation,MergeTime,id,isPr,N. of Comments,Closed,N. Labels,author, labelStatus, lastUpdateTime, milestoneTitle
1465394026,NA,14821,0,6,0,2,fioriNTU,NNNNNNPNNNNNNNNNN,1465989628,-
1465395691,1465814667,14822,1,13,1,5,mtosi,NNNNNPNNNNNNNNNAN,1465815527,Next CMSSW_8_1_X
1465396026,1465625946,14823,1,13,1,5,rekovic,NNNNNNNNNNANNNNAN,1465625946,Next CMSSW_8_0_X
1465396136,1465538056,14824,1,8,1,5,rekovic,NNNNNNNNNNANNNNAN,1465538056,Next CMSSW_8_1_X
1465457480,1465537928,14825,1,11,1,5,jshlee,NNNNNNNNNNNNNANAN,1465537928,Next CMSSW_8_1_X
1465461085,1465914696,14826,1,15,1,5,mtosi,NNNNNANNNNNNNNNAN,1465914696,Next CMSSW_8_0_X
1465462098,1465710973,14827,1,11,1,9,ebrondol,NNNNNANNNNNPPAAAN,1465710973,Next CMSSW_8_1_X
1465464236,1465893380,14828,1,12,1,6,jan-kaspar,ANANNNNNNNNNNNNAN,1465902286,Next CMSSW_8_1_X
1465466309,1465475928,14829,1,7,1,5,jan-kaspar,NNNNNNNNNNNNNPNPN,1465475928,Next CMSSW_8_1_X
1465468953,1465537882,14830,1,7,1,6,mmarionncern,NPNNNNNNNNNNNANAN,1465540127,Next CMSSW_8_1_X
1465470478,NA,14831,1,10,0,5,jbsauvan,NNNNNNNNNNANNNNSN,1466058940,Next CMSSW_8_1_X
1465472852,1465481683,14832,1,4,1,5,gkasieczka,NNNNNNNNNNNNNPNPN,1465481683,Next CMSSW_8_1_X
1465476508,NA,14833,1,69,0,7,jshlee,NNNNNPNNNNNNNPNRN,1466115677,Next CMSSW_8_1_X
1465476844,1465998331,14834,1,7,1,5,hroskes,ANNNNNNNNNNNNNNAN,1465998331,Next CMSSW_8_0_X
1465478006,1466145109,14835,1,31,1,6,bsunanda,NNNNNANNNANNNNNAN,1466145109,Next CMSSW_8_1_X
1465479534,1466067842,14836,1,28,1,5,jan-kaspar,NNNNNANNNNNNNNNAN,1466067842,Next CMSSW_8_1_X
1465481662,NA,14837,1,8,0,5,gkasieczka,NNNNNNNNNNNNNPNAN,1465931503,Next CMSSW_8_1_X
1465506697,1466227425,14838,1,19,1,8,igv4321,ANPNNNNNNNNNNAAAN,1466227426,Next CMSSW_8_1_X
1465507081,1465538179,14839,1,18,1,5,fabozzi,NNNNNNNNNNNNANNAN,1465567830,Next CMSSW_8_1_X
1465558598,NA,14840,0,4,0,2,kpedro88,NNNNNNPNNNNNNNNNN,1465987931,-
1465561617,1465913853,14841,1,6,1,6,mmarionncern,NPNNNNNNNNNNNANAN,1465913853,Next CMSSW_8_0_X
1465562966,1465731228,14842,1,14,1,6,mmusich,ANNNNNNNNNNNANNAN,1465731229,Next CMSSW_8_1_X
1465568072,NA,14843,1,18,0,6,matt-komm,NNNNNNPPNNNNNNNPN,1466174712,Next CMSSW_8_1_X
1465574072,1465711006,14844,1,11,1,5,lgray,NNNNNNNNNNNNNANAN,1465711006,Next CMSSW_8_1_X
1465590553,1465625527,14845,1,6,1,5,alja,NNNNNNNNNNNNNNNAA,1465625528,Next CMSSW_8_0_X
1465619068,NA,14846,1,6,0,5,arizzi,NNNNNNNNNNNNNPNAN,1465841469,Next CMSSW_8_0_X
1465630723,NA,14847,1,7,0,5,BetterWang,NNNNNNNNNNNNNANAN,1465907636,Next CMSSW_7_5_X
1465648320,1466143503,14848,1,8,1,5,jhgoh,NNNNNNNNNANNNNNAN,1466143503,Next CMSSW_8_1_X
1465707454,1465815031,14849,1,8,1,5,Martin-Grunewald,NNNNNNNNNNNNNNNAN,1465815032,Next CMSSW_8_1_X
1465707493,1465914675,14850,1,8,1,5,Martin-Grunewald,NNNNNNNNNNNNNNNAN,1465914675,Next CMSSW_8_0_X
